x,D x,D rho,rho unc,D dollars,dollars unc,coef rho,coef rho avg,coef rho unc,coef dollars,coef dollars avg,coef dollars unc
294.0,0,-0.0,0.0,-0.0,0.0,0,0,0,0,0,0
600.0,306.0,-3.510656588844588,-0.06923862320960247,-4.680875451792784,-0.09231816427946997,-0.01147273395047251,-0.005736366975236254,-0.00022627001048889698,-0.015296978600630014,-0.007648489300315004,-0.0003016933473185293
900.0,606.0,-6.199002948474457,-0.0760297958459613,-8.26533726463261,-0.1013730611279484,-0.010229377802763132,-0.007234037251078546,-0.0001254617093167678,-0.013639170403684174,-0.009645383001438064,-0.00016728227908902377
1200.0,906.0,-10.428279846630673,-0.07574492683996409,-13.904373128840895,-0.1009932357866188,-0.011510242656325246,-0.008303088602390228,-8.360367200879039e-05,-0.015346990208433659,-0.011070784803186972,-0.00011147156267838719
2500.0,2206.0,-11.372951172930096,-0.07867647988570664,-15.16393489724013,-0.1049019731809422,-0.005155462907039935,-0.007673563463320163,-3.5664768760519784e-05,-0.006873950542719914,-0.010231417951093552,-4.755302501402638e-05
0.1,-293.9,1.0371115961171589,0.07057217239288155,1.3828154614895452,0.0940962298571754,-0.003528790731939976,,-0.00024012307721293485,-0.004705054309253301,,-0.0003201641029505798
250.0,-44.0,0.027331301475008486,0.07130994105283757,0.03644173530001132,0.09507992140378344,-0.0006211659426138292,,-0.001620680478473581,-0.000828221256818439,,-0.0021609073046314417
77.0,-217.0,0.4840206384610539,0.06644846205067083,0.6453608512814053,0.08859794940089445,-0.0022305098546592348,,-0.00030621411083258445,-0.0029740131395456465,,-0.00040828548111011267
3000.0,2706.0,-11.855099940725578,-0.07832254279960267,-15.80679992096744,-0.10443005706613692,-0.0043810421066982925,-0.007124809903883184,-2.894402912032619e-05,-0.005841389475597724,-0.009499746538510908,-3.8592038827101594e-05
